Richard Ekong	        richardekong290@gmail.com
Oise Akhibi	          oiseu2tall@googlemail.com
Chika Onwueyi	        cheecqar@gmail.com
Kinglsey Ekoh-Ordan	  kingsleyekoh@gmail.com
Ajayi Abdulganiyy	    abdulganiyyajayi@gmail.com
Chukwuma Ezumezu	    aezumezu@gmail.com
Agunbiade Oreoluwa	  oredavids@gmail.com
Oluwagbenga Aluko	    osaaluko@gmail.com
Wilfred Airueghionmon	aiwilfredmails@gmail.com
Paul Oluyege	        pauloluyege@gmail.com
Adeniyi Ramon	        sundayraymond2000@gmail.com
Bolorunduro Winner-Timothy	bolorundurowb@outlook.com
Aisabokhale Jude     	tok2judemaria@gmail.com
Olutola Oreofeoluwapo	oreofe.olutola@gmail.com
Agboh Ehime         	ehimeagboh23@gmail.com
Balogun Emmanuel	    dewddo@gmail.com
Ahmad Adelaja	        ahmadadelaja@gmail.com
Kamil Balogun	        kamilbalogun1@gmail.com
Morolake Orekoya	    morekoya@gmail.com
Liasu Hassan Temitope	htope68@gmail.com
Ibrahim Abdulkadir  	lethalskillzz@gmail.com
Ata Tangban	          atatangban@gmail.com
Bamgbose Omodemilade	demiladebamgbose94@gmail.com
Davies Christopher  	davincin222@gmail.com
Cyril Paul	          cyrielo911@gmail.com
